"","","","","6","","",""
"площами","однорідних","ділянок","сума","проєктивного","покриття","всіх","ярусів"
"рослинності (Дубровський, 1999; 2004).","","","","","","",""
"","Загальний обсяг досліджень включає 95 гідрооб’єктів, з них – 87 ставки,","","","","","",""
"що розташовані на 25 малих річках і струмках, а також – 2 затоки, 1 запруда і 5","","","","","","",""
"заплавних  водойм.  Ставки  30  угідь  досліджувалися  стаціонарно,  15  з  них","","","","","","",""
"слугували  моделями  для  вимірів","","","","інтенсивності  продукційно-деструкційних","","",""
"процесів  у  планктоні,  а  10  найбільш  типових  та  ретельно  вивчених  –  для","","","","","","",""
"визначення  питомої  продукції  фітопланктону.  Виконані  на  цих  гідрооб’єктах","","","","","","",""
"роботи наведено у табл. 1.","","","","","","",""
