"","","","","5","",""
"природоохоронні  властивості  багатоцільових  ставків  в  умовах  лісостепової","","","","","",""
"зони системно не розглядалися.","","","","","",""
"","Найважливішими  екологічними  особливостями  руслових  ставків  (як  у","","","","",""
"науково-аналітичному  аспекті,","так","і","з","точки","зору  потреб  людини)","є:  1)"
"інтенсивне  створення  біомаси  (у  тому  числі  –  такої,  що  використовується","","","","","",""
"людиною),  2)  підтримання  водного  балансу  місцевості,  особливо  в  плані","","","","","",""
"формування  якості  вод,  3)  збереження  високого  локального  біорізноманіття.","","","","","",""
"Відповідно,  аналізу  цих  особливостей  присвячені  три  основних  розділи  цієї","","","","","",""
"дисертації.","","","","","",""
