"","","","","14","","","","",""
"може","","використовуватися","як","один 
із","","легкодоступних","","індикаторів",""
"природоохоронної цінності об'єктів.","","","","","","","","",""
"","Абсолютні","показники","числа","видів,","особливо","у","птахів","(табл.","6),"
"збільшуються","із","зростанням  площі  ставкових  угідь  (r  =  0,60),  а  питомі  –","","","","","","",""
"зменшуються  (r  =  -  0,52).  Видове  багатство  птахів,  що  населяють  обстежені","","","","","","","","",""
"угіддя, досить тісно пов’язане з розвитком структури рослинного покриву (r =","","","","","","","","",""
"0,67). А у амфібій та рептилій воно тісніше пов’язане з диференціацією водної","","","","","","","","",""
"поверхні та мікрорельєфом угідь (r = 0,51 і r = 0,73).","","","","","","","","",""
"","","","","","","","","","Таблиця 6"
