"","Рис. 2.   Отношение естественной рыбной продукции","",""
"","прудов к еѐ потенциально возможным значениям","",""
"Рис.  1.  Валова","(верхня  крива)  та  питома","(нижня  крива)  середньо  сезонна",""
"","и к продукции фитопланктона","",""
"продукція фітопланктону ставків із різною інтенсивністю рибництва","","",""
"60","","",""
"5
50","","",""
"0","","",""
"4
40","","",""
"0","","",""
"","","","Ряд1"
"3
30","","",""
"Співвідношення у % 
0","","",""
"","","","Ряд2"
"2
20","","",""
"0","","",""
"1
10","","",""
"0","","",""
