"","","17"
"Наукові записки Тернопільського національного педагогічного університету ім.","",""
"Володимира  Гнатюка.  Серія:  Біологія.  2005.  №  3(26).  С.  145–148.  (Участь  у","",""
"зборі та аналізі матеріалу, написання роботи).","",""
"","5.    Ковальчук  Н.Є.,  Дубровський  Ю.В.,  Мельничук  В.П.  Можливості  та",""
"перспективи","вирощування 
риби","у  малих 
неспеціалізованих 
водоймах 
//"
"Науковий  вісник  Ужгородського  державного  університету.  Серія:  Біологія.","",""
"2000.  №  7.  С.  146–  147.  (Участь  у  відборі  та  аналізі  матеріалу  і  написанні","",""
"роботи).","",""
"","6.  Ковальчук Н.Е., Ковальчук А.А., Дубровский Ю.В. Оценка продукции",""
"фитопланктона","в  малых","водоемах  по  показателю  прозрачности 
воды 
//"
"Науковий  вісник  Ужгородського  державного  університету.  Серія:  Біологія.","",""
"1998.  №  5.  С.  20–25.  (Проведення  експериментів,  участь  у  обробці  та  аналізі","",""
"матеріалу).","",""
"","7.  Dubrovsky Yu.V. Specific photosynthetic activity of plankton of fish-ponds",""
"in the Middle Dnieper area // Альгология. 1999. Т. 9, № 2. С. 46.","",""
"","8.    Dubrovsky  Y.V.  Scientific  and  nature  protection  significance  of  model",""
"situations in the development of ecosystems // GISAP: Biology, Veterinary Medicine","",""
"and Agricultural Sciences (periodical scientific journal of the International Academy","",""
"of Science and Higher Education, London, UK). 2013. № 1. Р. 9–11.","",""
"","9.  Dubrovsky Yu.V. Justification of a rapid method for determining the species",""
"richness  of","small  hydro-objects","//  GISAP:  Biology,  Veterinary  Medicine  and"
"Agricultural  Sciences (periodical  scientific  journal  of  the  International  Academy  of","",""
"Science and Higher Education, IASHE, London, UK). 2016. №  9. Р. 6–8.","",""
"","10.  Dubrovsky  Yu.  Features  of  Quasi-Natural  Ecosystems  and  Their  Role  in",""
"the Conservation of Biodiversity // Ecology and Evolutionary Biology. 2018. Vol. 3,","",""
"No. 4. P. 27–32. doi: 10.11648/j.eeb.20180304.11","",""
