"","19","","",""
"23.","Дубровський  Ю.В.,  Некрасова  О.Д.","Земноводні","та","плазуни"
"іригаційно-рибницьких","угідь 
та 
питання 
їх","охорони//Сучасні","","проблеми"
"зоологічної  науки.  Матеріали  Всеукраїнської  наукової  конференції  “Наукові","","","",""
"читання, присвячені 170-річчю заснування кафедри зоології та 100-річчю з дня","","","",""
"народження  професора  О.Б.Кістяківського”  (16-18  вересня  2004,  Київ-Канів).","","","",""
"К.: Київський університет, 2004. С. 48 – 50. (Участь у відборі, аналіз  матеріалу","","","",""
"і написанні роботи).","","","",""
"","24.  Dubrovsky  Yu.V.  Rural  ponds:  landscape  and  habitat  aspects  /  Methoda.","","",""
"Збірка  наукових  праць.  Випуск  “Фальцфейновські  читання”.  Херсон:  Атлант,","","","",""
"1999. P. 68–71.","","","",""
