"знайдені види,  що внесені до списків Бернської Конвенції або Червоної книги","",""
"України.","",""
"","","Таблиця 5"
"","Число видів водних хребетних в обстежених ставкових угіддях",""
"","Загальне","З них потребують"
"Основні групи хребетних","число видів","особливої охорони"
"Actinopterygii – риби","26","5"
"Amphibia – земноводні","12","11"
"Reptilia – плазуни","2","2"
"Aves – птахи","48","47"
"Mammalia – ссавці","4","2"
"Всього хребетних","92","67"
