"","","","","4","","",""
"CXIII Conference: Modern features of development of Biological science as factors","","","","","","",""
"of  solution  of  pressing  problems  of  human  survival  and  the  natural  environment,","","","","","","",""
"London,  2015),  Диплом  Мислителя  (Diploma  Sophist  №  DS-12/0023)  за  III-е","","","","","","",""
"місце в Національному чемпіонаті України (XXXVI Conference: Issues of limits,","","","","","","",""
"reproduction  and","","","rational  use  of  natural","","resources,  London,  2012)","","і  Диплом"
"наукового прогресу (Diploma Scientific Progress) за одну із кращих регіональних","","","","","","",""
"дослідницьких  робіт","","","(VI  Conference:  Forms  of","","life","and  questions  of","their"
"coexistent: Odessa–London,  2011).","","","","","","",""
"","","Публікації. Основні результати дисертаційних досліджень опубліковані у","","","","",""
"24 наукових статтях та повідомленнях, у тому числі: 5 – в іноземних виданнях,","","","","","","",""
"що","","індексуються  в  наукометричних  базах  даних,  6  –  у  фахових  виданнях","","","","",""
"України.","","","","","","",""
"","","Структура і обсяг дисертації. Дисертаційна робота складається з вступу,","","","","",""
"5","розділів,","висновків,","списку","використаних","літературних","джерел","(254"
"найменування,  з  них  19  –  латиницею)  та  додатку.  Обсяг  основного  тексту","","","","","","",""
"дисертації складає 160 сторінок, загальний обсяг роботи – 197 сторінок. Текст","","","","","","",""
"роботи ілюстровано 8 рисунками та 32 таблицями.","","","","","","",""
