"Р
обота виконана в Інституті еволюційної екології НАН України, м. Київ",""
"Н
ауковий керівник:","доктор біологічних наук, професор,"
"","Протасов Олександр Олексійович,"
"","Інститут гідробіології НАН України,"
"","провідний науковий співробітник,"
"","Лауреат Державної премії України"
"","в галузі науки і техніки"
"Офіційні опоненти:","доктор біологічних наук,  професор,"
"","Дубина Дмитро Васильович,"
"","Інститут ботаніки ім. М.Г. Холодного"
"","НАН України,"
"","головний науковий співробітник,"
"","Лауреат Державної премії України"
"","в галузі науки і техніки"
"","к
андидат біологічних наук, доцент,"
"","старший науковий співробітник"
"","Васенко Олександр Георгійович,"
"","Український науково-дослідний інститут"
"","екологічних проблем,"
"","перший заступник директора з наукової роботи"
