"","","","","13","","",""
"","Водойми  з  низькою  інтенсивністю  продукційно-деструкційних  процесів","","","","","",""
"не чинять помітного впливу на відповідні продукційно-деструкційні показники","","","","","","",""
"пов’язаних  з  ними  водотоків,  а  сильно  заболочені  мілководні  ставки","","","","","","","іноді"
"знижують її. Але зарослі та заболочені ділянки водойм часто слугують місцями","","","","","","",""
"перебування екологічно значущих видів та тих, що охороняються. Деякі ставки","","","","","","",""
"зі слабкою регуляцією проточності в певних умовах можуть, поглинаючи весь","","","","","","",""
"стік,  фактично  збезводнити  русло  річки.  При  цьому  продукційно-деструкційні","","","","","","",""
"показники  планктону  та,  відповідно,  здатність  води  до  самоочищення  стрімко","","","","","","",""
"падають, а показники органічного забруднення – зростають.","","","","","","",""
"","Найбільш  помітне  зростання  самоочисної  здатності  води  та  підвищення","","","","","",""
"таксономічного багатства гідробіонтів у водотоках спостерігалося нижче добре","","","","","","",""
"регульованих  рибоводних  ставків.  Однак,  при  підвищенні  трофності  водойм,","","","","","","",""
"особливо  тих,  що  використовуються  для  аквакультури,  показники  первинної","","","","","","",""
"продукції  зростають  швидше,  ніж  фактичної  деструкції.  Надмірна  первинна","","","","","","",""
"продукція,  що  не  надходить  у  трофічну  мережу,  в  тому  числі  –  така,  що","","","","","","",""
"поставляється  заростями  макрофітів,  переходить  у  мулові  відкладення,  де","","","","","","",""
"виявляється  менш  доступною  для  залучення  в  біотичний  кругообіг.  Отже,","","","","","","",""
"ставки","досліджуваного","типу","можуть","виконувати","роль","біофільтрів","та"
"каталізаторів самоочищення води за умови систематичного видалення мулу  та","","","","","","",""
"обмеження зайвого заростання.","","","","","","",""
