"","","","10","",""
"","Отже,  вирощування  риби  на  природній  кормовій  базі  з  фрагментарною","","","",""
"підгодівлею","дозволяє","найбільш","повно","використовувати","природні"
"біопродукційні  можливості  та  є  найбільш  доцільним  шляхом  рибницького","","","","",""
"освоєння  багатоцільових  ставків,  коли  досягається  максимізація  виробництва","","","","",""
"риби не на одиницю площі, а на одиницю витрат.","","","","",""
"","Між  прозорістю  води  в","","ставках,  що  досліджувалися,","","і  продукцією"
"фітопланктону був встановлений тісний зв'язок, що відображається формулою:","","","","",""
"д","е:  Ao–  інтегральна  середньодобова  валова  продукція  фітопланктону  (в","","","",""
"стовпі  води),  мг  О2/м2;  Н  –  середня  глибина  водойми,  м;  Sc–  середньосезонна","","","","",""
"прозорість води, м.","","","","",""
"","Це  дозволило  зробити  висновок,  що  середньосезонну  добову  продукцію","","","",""
"фітопланктону, а, отже, і природну рибопродуктивність досліджуваних водойм,","","","","",""
"можна 
визначати","за","середньою 
за","сезон","прозорістю","води.  Оскільки"
"середньосезонна","інтенсивність","","продукційних","процесів 
у","досліджуваних"
"водоймах  у  значній  мірі  формується  ще  у  2-й  половині  –  наприкінці  травня","","","","",""
"(підсезон першоліття), то, виходячи із значень прозорості в цей період, можна","","","","",""
"приблизно  прогнозувати  природну  рибопродуктивність  на  поточний  рік,  а  із","","","","",""
"середньої  за  рибницький  сезон  прозорості  –  більш  точно  на  наступний  рік.","","","","",""
"Зазначені величини, розраховані з використанням наведеної формули, подано в","","","","",""
"таблиці 4.","","","","",""
"","","","","","Таблиця 4"
"","Валова продукція фітопланктону і природна рибопродуктивність у руслових","","","",""
"","нагульних ставках лісостепової зони з різною прозорістю води (середня","","","",""
"","","","глибина – 1,2 м)","",""
"","Прозорість води у період  20-25 травня, см","","","",""
"5 
40","","80 
115","150","190","225 
260"
"","","Середньосезонна прозорість води, см","","",""
"30 
50","","70 
90","110","130","150 
170"
"","Середньосезонна інтегральна продукція фітопланктону, г О2/м2  (за добу)","","","",""
"5,54 
5,01","","4,48 
4,00","3,60","3,26","2,98 
2,73"
"","Сумарна продукція фітопланктону за сезон (160 діб), т/га","","","",""
"6,16 
5,57","","4,98 
4,44","4,00","3,62","3,31 
3,03"
"","Потенційна природна рибопродуктивність, кг/га за сезон:","","","",""
"короп","","","","",""
"305 
275","","245 
220","200","180","165 
150"
"","строкатий  товстолоб","","","",""
"75 
70","","60 
55","50","45","40 
40"
"","білий товстолоб","","","",""
"720 
650","","585 
520","470","425","425 
355"
